{
    "plddt": 81.17686462402344,
    "gpde": 0.7581236958503723,
    "ptm": 0.658480703830719,
    "iptm": 0.6629070043563843,
    "chain_gpde": [
        0.511914849281311,
        0.6936246752738953
    ],
    "chain_pair_gpde": [
        [
            0.0,
            6.533509731292725
        ],
        [
            6.533509731292725,
            0.0
        ]
    ],
    "chain_ptm": [
        0.6747069358825684,
        0.5797165036201477
    ],
    "chain_iptm": [
        0.6629070043563843,
        0.6629070043563843
    ],
    "chain_pair_iptm": [
        [
            0.0,
            0.6629070043563843
        ],
        [
            0.6629070043563843,
            0.0
        ]
    ],
    "chain_pair_iptm_global": [
        [
            0.0,
            0.6629070043563843
        ],
        [
            0.6629070043563843,
            0.0
        ]
    ],
    "chain_plddt": [
        0.8325284123420715,
        0.7868483066558838
    ],
    "chain_pair_plddt": [
        [
            0.0,
            0.811768651008606
        ],
        [
            0.811768651008606,
            0.0
        ]
    ],
    "has_clash": false,
    "disorder": 0.0,
    "ranking_score": 0.6620217561721802,
    "num_recycles": 10
}