{
    "plddt": 81.1576156616211,
    "gpde": 0.7606391906738281,
    "ptm": 0.658591628074646,
    "iptm": 0.6642361283302307,
    "chain_gpde": [
        0.5130046010017395,
        0.6952736973762512
    ],
    "chain_pair_gpde": [
        [
            0.0,
            6.577111721038818
        ],
        [
            6.577111721038818,
            0.0
        ]
    ],
    "chain_ptm": [
        0.6754867434501648,
        0.5791283249855042
    ],
    "chain_iptm": [
        0.6642361283302307,
        0.6642361283302307
    ],
    "chain_pair_iptm": [
        [
            0.0,
            0.6642361283302307
        ],
        [
            0.6642361283302307,
            0.0
        ]
    ],
    "chain_pair_iptm_global": [
        [
            0.0,
            0.6642361283302307
        ],
        [
            0.6642361283302307,
            0.0
        ]
    ],
    "chain_plddt": [
        0.8326250314712524,
        0.7863087058067322
    ],
    "chain_pair_plddt": [
        [
            0.0,
            0.8115761876106262
        ],
        [
            0.8115761876106262,
            0.0
        ]
    ],
    "has_clash": false,
    "disorder": 0.0,
    "ranking_score": 0.6631072759628296,
    "num_recycles": 10
}