{
    "plddt": 81.12617492675781,
    "gpde": 0.7629050016403198,
    "ptm": 0.656914472579956,
    "iptm": 0.6627393364906311,
    "chain_gpde": [
        0.5133935809135437,
        0.697017252445221
    ],
    "chain_pair_gpde": [
        [
            0.0,
            6.623878479003906
        ],
        [
            6.623878479003906,
            0.0
        ]
    ],
    "chain_ptm": [
        0.6738924384117126,
        0.5776958465576172
    ],
    "chain_iptm": [
        0.6627393364906311,
        0.6627393364906311
    ],
    "chain_pair_iptm": [
        [
            0.0,
            0.6627393364906311
        ],
        [
            0.6627393364906311,
            0.0
        ]
    ],
    "chain_pair_iptm_global": [
        [
            0.0,
            0.6627393364906311
        ],
        [
            0.6627393364906311,
            0.0
        ]
    ],
    "chain_plddt": [
        0.8323879837989807,
        0.7859013080596924
    ],
    "chain_pair_plddt": [
        [
            0.0,
            0.8112617135047913
        ],
        [
            0.8112617135047913,
            0.0
        ]
    ],
    "has_clash": false,
    "disorder": 0.0,
    "ranking_score": 0.6615743637084961,
    "num_recycles": 10
}