{
    "plddt": 81.18324279785156,
    "gpde": 0.7595702409744263,
    "ptm": 0.6588108539581299,
    "iptm": 0.6641754508018494,
    "chain_gpde": [
        0.5131378173828125,
        0.6939148902893066
    ],
    "chain_pair_gpde": [
        [
            0.0,
            6.55722188949585
        ],
        [
            6.55722188949585,
            0.0
        ]
    ],
    "chain_ptm": [
        0.6751410365104675,
        0.5796183943748474
    ],
    "chain_iptm": [
        0.6641754508018494,
        0.6641754508018494
    ],
    "chain_pair_iptm": [
        [
            0.0,
            0.6641754508018494
        ],
        [
            0.6641754508018494,
            0.0
        ]
    ],
    "chain_pair_iptm_global": [
        [
            0.0,
            0.6641754508018494
        ],
        [
            0.6641754508018494,
            0.0
        ]
    ],
    "chain_plddt": [
        0.8324973583221436,
        0.7870258688926697
    ],
    "chain_pair_plddt": [
        [
            0.0,
            0.8118324279785156
        ],
        [
            0.8118324279785156,
            0.0
        ]
    ],
    "has_clash": false,
    "disorder": 0.0,
    "ranking_score": 0.6631025075912476,
    "num_recycles": 10
}