{
    "plddt": 81.18048095703125,
    "gpde": 0.7607250809669495,
    "ptm": 0.6575720310211182,
    "iptm": 0.6635026931762695,
    "chain_gpde": [
        0.5138128995895386,
        0.6944379806518555
    ],
    "chain_pair_gpde": [
        [
            0.0,
            6.5774760246276855
        ],
        [
            6.5774760246276855,
            0.0
        ]
    ],
    "chain_ptm": [
        0.6739264726638794,
        0.579863429069519
    ],
    "chain_iptm": [
        0.6635026931762695,
        0.6635026931762695
    ],
    "chain_pair_iptm": [
        [
            0.0,
            0.6635026931762695
        ],
        [
            0.6635026931762695,
            0.0
        ]
    ],
    "chain_pair_iptm_global": [
        [
            0.0,
            0.6635026931762695
        ],
        [
            0.6635026931762695,
            0.0
        ]
    ],
    "chain_plddt": [
        0.8328409790992737,
        0.7865526676177979
    ],
    "chain_pair_plddt": [
        [
            0.0,
            0.8118048310279846
        ],
        [
            0.8118048310279846,
            0.0
        ]
    ],
    "has_clash": false,
    "disorder": 0.0,
    "ranking_score": 0.662316620349884,
    "num_recycles": 10
}