{
    "plddt": 82.73150634765625,
    "gpde": 0.8523966073989868,
    "ptm": 0.6602635979652405,
    "iptm": 0.6399987936019897,
    "chain_gpde": [
        0.4693382978439331,
        0.4085090756416321,
        0.6189041137695312,
        0.4040438234806061
    ],
    "chain_pair_gpde": [
        [
            0.0,
            22.497482299804688,
            5.507648468017578,
            21.29684829711914
        ],
        [
            22.497482299804688,
            0.0,
            22.93543815612793,
            22.471569061279297
        ],
        [
            5.507648468017578,
            22.93543815612793,
            0.0,
            3.394458770751953
        ],
        [
            21.29684829711914,
            22.471569061279297,
            3.394458770751953,
            0.0
        ]
    ],
    "chain_ptm": [
        0.6998259425163269,
        0.8867602348327637,
        0.6079690456390381,
        0.1444057673215866
    ],
    "chain_iptm": [
        0.38369688391685486,
        0.15940803289413452,
        0.6062619686126709,
        0.38872092962265015
    ],
    "chain_pair_iptm": [
        [
            0.0,
            0.2437751144170761,
            0.6878965497016907,
            0.2194189578294754
        ],
        [
            0.2437751144170761,
            0.0,
            0.2092972844839096,
            0.02515171840786934
        ],
        [
            0.6878965497016907,
            0.2092972844839096,
            0.0,
            0.9215919971466064
        ],
        [
            0.2194189578294754,
            0.02515171840786934,
            0.9215919971466064,
            0.0
        ]
    ],
    "chain_pair_iptm_global": [
        [
            0.0,
            0.2715524435043335,
            0.4949794411659241,
            0.3862088918685913
        ],
        [
            0.2715524435043335,
            0.0,
            0.3828350007534027,
            0.27406448125839233
        ],
        [
            0.4949794411659241,
            0.3828350007534027,
            0.0,
            0.4974914491176605
        ],
        [
            0.3862088918685913,
            0.27406448125839233,
            0.4974914491176605,
            0.0
        ]
    ],
    "chain_plddt": [
        0.8494393229484558,
        0.7903612852096558,
        0.8107177019119263,
        0.6121528744697571
    ],
    "chain_pair_plddt": [
        [
            0.0,
            0.8431707620620728,
            0.8318419456481934,
            0.845202624797821
        ],
        [
            0.8431707620620728,
            0.0,
            0.8081789016723633,
            0.7666929960250854
        ],
        [
            0.8318419456481934,
            0.8081789016723633,
            0.0,
            0.8064770698547363
        ],
        [
            0.845202624797821,
            0.7666929960250854,
            0.8064770698547363,
            0.0
        ]
    ],
    "has_clash": false,
    "disorder": 0.0,
    "ranking_score": 0.6440517902374268,
    "num_recycles": 10
}