{
    "plddt": 82.6195068359375,
    "gpde": 0.8607112765312195,
    "ptm": 0.658795177936554,
    "iptm": 0.6376427412033081,
    "chain_gpde": [
        0.4794744551181793,
        0.40765252709388733,
        0.6244634389877319,
        0.39960935711860657
    ],
    "chain_pair_gpde": [
        [
            0.0,
            22.64525604248047,
            5.570031642913818,
            21.26492691040039
        ],
        [
            22.64525604248047,
            0.0,
            22.810771942138672,
            22.415712356567383
        ],
        [
            5.570031642913818,
            22.810771942138672,
            0.0,
            3.3760294914245605
        ],
        [
            21.26492691040039,
            22.415712356567383,
            3.3760294914245605,
            0.0
        ]
    ],
    "chain_ptm": [
        0.6980658173561096,
        0.8875426650047302,
        0.6079139113426208,
        0.1447869837284088
    ],
    "chain_iptm": [
        0.3773770034313202,
        0.15491235256195068,
        0.6007122993469238,
        0.3833928108215332
    ],
    "chain_pair_iptm": [
        [
            0.0,
            0.24531377851963043,
            0.6852043867111206,
            0.20161278545856476
        ],
        [
            0.24531377851963043,
            0.0,
            0.19389501214027405,
            0.025528237223625183
        ],
        [
            0.6852043867111206,
            0.19389501214027405,
            0.0,
            0.9230374097824097
        ],
        [
            0.20161278545856476,
            0.025528237223625183,
            0.9230374097824097,
            0.0
        ]
    ],
    "chain_pair_iptm_global": [
        [
            0.0,
            0.26614469289779663,
            0.4890446662902832,
            0.3803849220275879
        ],
        [
            0.26614469289779663,
            0.0,
            0.37781232595443726,
            0.26915258169174194
        ],
        [
            0.4890446662902832,
            0.37781232595443726,
            0.0,
            0.4920525550842285
        ],
        [
            0.3803849220275879,
            0.26915258169174194,
            0.4920525550842285,
            0.0
        ]
    ],
    "chain_plddt": [
        0.8473175168037415,
        0.7905076146125793,
        0.810491681098938,
        0.6169103980064392
    ],
    "chain_pair_plddt": [
        [
            0.0,
            0.8412896394729614,
            0.8305816054344177,
            0.843203604221344
        ],
        [
            0.8412896394729614,
            0.0,
            0.807999312877655,
            0.7674517631530762
        ],
        [
            0.8305816054344177,
            0.807999312877655,
            0.0,
            0.8063573837280273
        ],
        [
            0.843203604221344,
            0.7674517631530762,
            0.8063573837280273,
            0.0
        ]
    ],
    "has_clash": false,
    "disorder": 0.0,
    "ranking_score": 0.6418732404708862,
    "num_recycles": 10
}