{
    "plddt": 82.4210433959961,
    "gpde": 0.8559790253639221,
    "ptm": 0.6552984714508057,
    "iptm": 0.6356939673423767,
    "chain_gpde": [
        0.47890886664390564,
        0.41098135709762573,
        0.6149774789810181,
        0.4062627851963043
    ],
    "chain_pair_gpde": [
        [
            0.0,
            22.680591583251953,
            5.485267639160156,
            21.730850219726562
        ],
        [
            22.680591583251953,
            0.0,
            22.86491584777832,
            22.649831771850586
        ],
        [
            5.485267639160156,
            22.86491584777832,
            0.0,
            3.3704452514648438
        ],
        [
            21.730850219726562,
            22.649831771850586,
            3.3704452514648438,
            0.0
        ]
    ],
    "chain_ptm": [
        0.694905698299408,
        0.8866772651672363,
        0.603621780872345,
        0.14623981714248657
    ],
    "chain_iptm": [
        0.37637859582901,
        0.16634055972099304,
        0.6073194742202759,
        0.37970393896102905
    ],
    "chain_pair_iptm": [
        [
            0.0,
            0.255956768989563,
            0.6827526092529297,
            0.19042637944221497
        ],
        [
            0.255956768989563,
            0.0,
            0.21679265797138214,
            0.02627224661409855
        ],
        [
            0.6827526092529297,
            0.21679265797138214,
            0.0,
            0.922413170337677
        ],
        [
            0.19042637944221497,
            0.02627224661409855,
            0.922413170337677,
            0.0
        ]
    ],
    "chain_pair_iptm_global": [
        [
            0.0,
            0.27135956287384033,
            0.49184903502464294,
            0.37804126739501953
        ],
        [
            0.27135956287384033,
            0.0,
            0.38683003187179565,
            0.27302223443984985
        ],
        [
            0.49184903502464294,
            0.38683003187179565,
            0.0,
            0.49351170659065247
        ],
        [
            0.37804126739501953,
            0.27302223443984985,
            0.49351170659065247,
            0.0
        ]
    ],
    "chain_plddt": [
        0.8472253680229187,
        0.7854500412940979,
        0.8069684505462646,
        0.6013782620429993
    ],
    "chain_pair_plddt": [
        [
            0.0,
            0.840670645236969,
            0.8289303183555603,
            0.8428357243537903
        ],
        [
            0.840670645236969,
            0.0,
            0.8042847514152527,
            0.7610030174255371
        ],
        [
            0.8289303183555603,
            0.8042847514152527,
            0.0,
            0.8025777339935303
        ],
        [
            0.8428357243537903,
            0.7610030174255371,
            0.8025777339935303,
            0.0
        ]
    ],
    "has_clash": false,
    "disorder": 0.0,
    "ranking_score": 0.6396148800849915,
    "num_recycles": 10
}