{
    "plddt": 82.71121978759766,
    "gpde": 0.8475451469421387,
    "ptm": 0.6587485671043396,
    "iptm": 0.638780415058136,
    "chain_gpde": [
        0.46955567598342896,
        0.4030849039554596,
        0.6123648285865784,
        0.4030383229255676
    ],
    "chain_pair_gpde": [
        [
            0.0,
            22.962974548339844,
            5.422204494476318,
            21.182947158813477
        ],
        [
            22.962974548339844,
            0.0,
            22.582143783569336,
            22.63544273376465
        ],
        [
            5.422204494476318,
            22.582143783569336,
            0.0,
            3.3589184284210205
        ],
        [
            21.182947158813477,
            22.63544273376465,
            3.3589184284210205,
            0.0
        ]
    ],
    "chain_ptm": [
        0.699275553226471,
        0.8901894688606262,
        0.6073324084281921,
        0.14518652856349945
    ],
    "chain_iptm": [
        0.3781999349594116,
        0.14192043244838715,
        0.5930659174919128,
        0.3885572850704193
    ],
    "chain_pair_iptm": [
        [
            0.0,
            0.23002764582633972,
            0.6873916387557983,
            0.21718044579029083
        ],
        [
            0.23002764582633972,
            0.0,
            0.16952422261238098,
            0.02620941773056984
        ],
        [
            0.6873916387557983,
            0.16952422261238098,
            0.0,
            0.9222818613052368
        ],
        [
            0.21718044579029083,
            0.02620941773056984,
            0.9222818613052368,
            0.0
        ]
    ],
    "chain_pair_iptm_global": [
        [
            0.0,
            0.26006019115448,
            0.48563292622566223,
            0.38337862491607666
        ],
        [
            0.26006019115448,
            0.0,
            0.3674931824207306,
            0.26523885130882263
        ],
        [
            0.48563292622566223,
            0.3674931824207306,
            0.0,
            0.4908115863800049
        ],
        [
            0.38337862491607666,
            0.26523885130882263,
            0.4908115863800049,
            0.0
        ]
    ],
    "chain_plddt": [
        0.8488579988479614,
        0.7862592339515686,
        0.811433732509613,
        0.6161205768585205
    ],
    "chain_pair_plddt": [
        [
            0.0,
            0.842215895652771,
            0.8318502306938171,
            0.8447025418281555
        ],
        [
            0.842215895652771,
            0.0,
            0.8082939982414246,
            0.7636626958847046
        ],
        [
            0.8318502306938171,
            0.8082939982414246,
            0.0,
            0.8072624802589417
        ],
        [
            0.8447025418281555,
            0.7636626958847046,
            0.8072624802589417,
            0.0
        ]
    ],
    "has_clash": false,
    "disorder": 0.0,
    "ranking_score": 0.6427741050720215,
    "num_recycles": 10
}