{
    "plddt": 82.57405090332031,
    "gpde": 0.8571184873580933,
    "ptm": 0.653984546661377,
    "iptm": 0.6321388483047485,
    "chain_gpde": [
        0.4701134264469147,
        0.3975144624710083,
        0.6226745247840881,
        0.4002171754837036
    ],
    "chain_pair_gpde": [
        [
            0.0,
            23.80074119567871,
            5.555784702301025,
            21.64905548095703
        ],
        [
            23.80074119567871,
            0.0,
            21.724246978759766,
            21.599184036254883
        ],
        [
            5.555784702301025,
            21.724246978759766,
            0.0,
            3.7739760875701904
        ],
        [
            21.64905548095703,
            21.599184036254883,
            3.7739760875701904,
            0.0
        ]
    ],
    "chain_ptm": [
        0.6976118683815002,
        0.8885083198547363,
        0.605746328830719,
        0.14543314278125763
    ],
    "chain_iptm": [
        0.3407047688961029,
        0.1809682548046112,
        0.6353618502616882,
        0.40212857723236084
    ],
    "chain_pair_iptm": [
        [
            0.0,
            0.14958003163337708,
            0.6860266923904419,
            0.18650758266448975
        ],
        [
            0.14958003163337708,
            0.0,
            0.2967526614665985,
            0.09657202661037445
        ],
        [
            0.6860266923904419,
            0.2967526614665985,
            0.0,
            0.9233061671257019
        ],
        [
            0.18650758266448975,
            0.09657202661037445,
            0.9233061671257019,
            0.0
        ]
    ],
    "chain_pair_iptm_global": [
        [
            0.0,
            0.26083651185035706,
            0.4880332946777344,
            0.37141668796539307
        ],
        [
            0.26083651185035706,
            0.0,
            0.4081650376319885,
            0.2915484309196472
        ],
        [
            0.4880332946777344,
            0.4081650376319885,
            0.0,
            0.5187451839447021
        ],
        [
            0.37141668796539307,
            0.2915484309196472,
            0.5187451839447021,
            0.0
        ]
    ],
    "chain_plddt": [
        0.8493489623069763,
        0.7746315002441406,
        0.8092157244682312,
        0.6180406212806702
    ],
    "chain_pair_plddt": [
        [
            0.0,
            0.8414210081100464,
            0.8311100006103516,
            0.8452189564704895
        ],
        [
            0.8414210081100464,
            0.0,
            0.8049023151397705,
            0.7538342475891113
        ],
        [
            0.8311100006103516,
            0.8049023151397705,
            0.0,
            0.8051327466964722
        ],
        [
            0.8452189564704895,
            0.7538342475891113,
            0.8051327466964722,
            0.0
        ]
    ],
    "has_clash": false,
    "disorder": 0.0,
    "ranking_score": 0.6365079879760742,
    "num_recycles": 10
}